Mean Score,Participant Mean Scores,Most common best Parameter,True Label,Predicted Label
41.87691653390561,41.14643539627509,"""OrderedDict([('randomforestregressor__bootstrap'; True); ('randomforestregressor__max_depth'; 10); ('randomforestregressor__min_samples_leaf'; 2); ('randomforestregressor__min_samples_split'; 5); ('randomforestregressor__n_estimators'; 50); ('randomforestregressor__n_jobs'; -1)])""",49.3751459369,102.96468476071499
_,41.89587584001246,_,50.0000007451,101.00725622553846
_,42.588438365429276,_,50.0000007451,95.6219940021066
_,_,_,50.0000007451,93.13670907347888
_,_,_,50.0000007451,85.0516349911384
_,_,_,50.0000007451,80.75210644151817
_,_,_,50.0000007451,84.99508571342606
_,_,_,50.0000007451,85.4740869821412
_,_,_,50.0000007451,84.98183818355847
_,_,_,50.0000007451,108.45773462008925
_,_,_,50.0000007451,78.18398309965379
_,_,_,50.0000007451,88.01710549345806
_,_,_,50.0000007451,102.59019319013177
_,_,_,50.0000007451,102.69229309115282
_,_,_,50.0000007451,99.04012247615115
_,_,_,148.7502926096,104.93656618828781
_,_,_,150.0000022352,80.47035679815014
_,_,_,150.0000022352,84.67763854648821
_,_,_,150.0000022352,92.61394144861517
_,_,_,150.0000022352,83.71526113185618
_,_,_,150.0000022352,96.75907641109195
_,_,_,150.0000022352,95.62745988413639
_,_,_,150.0000022352,87.53322926251059
_,_,_,150.0000022352,87.96890754112366
_,_,_,150.0000022352,102.99289889958877
_,_,_,100.6248563059,100.0059091324045
_,_,_,100.0000014901,97.91281309547323
_,_,_,100.0000014901,92.39212978962661
_,_,_,100.0000014901,88.41981852628307
_,_,_,100.0000014901,102.65695190859896
_,_,_,100.0000014901,99.40757788822226
_,_,_,100.0000014901,95.05131410691006
_,_,_,100.0000014901,94.03856293918108
_,_,_,100.0000014901,94.7506885759708
_,_,_,100.0000014901,90.25395995250783
_,_,_,100.0000014901,96.48963600657855
_,_,_,100.0000014901,100.46136077409702
_,_,_,99.3788078438,82.32475535022573
_,_,_,50.0000007451,87.19904471382047
_,_,_,50.0000007451,86.70719333932622
_,_,_,50.0000007451,96.72437629236302
_,_,_,50.0000007451,91.26162475402279
_,_,_,50.0000007451,89.92414189346415
_,_,_,50.0000007451,85.12023582601562
_,_,_,50.0000007451,96.30720802401729
_,_,_,50.0000007451,93.53833030131837
_,_,_,50.0000007451,90.51358868483857
_,_,_,50.0000007451,93.98382352733927
_,_,_,50.0000007451,82.45671905346357
_,_,_,50.0000007451,86.03159656143336
_,_,_,50.0000007451,94.3491923245312
_,_,_,50.0000007451,93.38534241481831
_,_,_,51.2423880255,83.36052031117457
_,_,_,150.0000022352,84.86049887640769
_,_,_,150.0000022352,96.41685086984127
_,_,_,150.0000022352,100.65336228991875
_,_,_,150.0000022352,100.46039074808863
_,_,_,150.0000022352,96.43370005120352
_,_,_,150.0000022352,92.87971761011786
_,_,_,150.0000022352,95.22147655531262
_,_,_,150.0000022352,90.46261989486283
_,_,_,150.0000022352,88.2143496945427
_,_,_,149.378808598,87.423727641708
_,_,_,100.0000014901,88.4095618516032
_,_,_,100.0000014901,95.38074919245727
_,_,_,100.0000014901,99.78769519324582
_,_,_,100.0000014901,100.6424727665257
_,_,_,100.0000014901,96.78129240969564
_,_,_,100.0000014901,92.98487102899207
_,_,_,100.0000014901,87.87300969505579
_,_,_,100.0000014901,82.41911605757932
_,_,_,100.0000014901,87.20632562177025
_,_,_,100.0000014901,98.15193653565659
_,_,_,100.0000014901,81.79198348154344
_,_,_,100.0000014901,92.66773985287605
_,_,_,149.3751474346,111.73653577962628
_,_,_,150.0000022352,101.01224049105518
_,_,_,150.0000022352,98.73335088026106
_,_,_,150.0000022352,89.99774632703826
_,_,_,150.0000022352,105.2167492019083
_,_,_,150.0000022352,103.75600068022132
_,_,_,150.0000022352,107.48966445058122
_,_,_,150.0000022352,99.76102636470678
_,_,_,150.0000022352,89.72293887457205
_,_,_,150.0000022352,97.32646724740492
_,_,_,51.2497103554,88.58488542704876
_,_,_,50.0000007451,98.99631092492118
_,_,_,50.0000007451,94.53266906774552
_,_,_,50.0000007451,100.35573964393524
_,_,_,50.0000007451,88.90173477216683
_,_,_,50.0000007451,98.9718463967634
_,_,_,50.0000007451,87.95604925826741
_,_,_,50.0000007451,86.99567995533545
_,_,_,50.0000007451,94.42165494339817
_,_,_,50.0000007451,95.21189747968678
_,_,_,50.0000007451,91.10646675766252
_,_,_,50.0000007451,84.98754078209802
_,_,_,50.0000007451,88.9022344925369
_,_,_,50.0000007451,100.93532699300472
_,_,_,50.0000007451,101.01509711486601
_,_,_,99.3751466773,92.49673216038106
_,_,_,100.0000014901,99.95557496031157
_,_,_,100.0000014901,98.84821331359133
_,_,_,100.0000014901,88.07030577173497
_,_,_,100.0000014901,94.93336854176546
_,_,_,100.0000014901,80.03903212197136
_,_,_,100.0000014901,90.25778299599519
_,_,_,100.0000014901,86.501264488395
_,_,_,100.0000014901,89.4823093180003
_,_,_,100.0000014901,91.43147480047298
_,_,_,100.0000014901,94.86385891435157
_,_,_,100.0000014901,104.97612812202203
_,_,_,98.7576142035,99.78116362038035
_,_,_,0.0,85.49378933760597
_,_,_,0.0,93.91243890665218
_,_,_,49.3751459369,80.53150226841726
_,_,_,50.0000007451,89.10346767200046
_,_,_,50.0000007451,81.75456966071116
_,_,_,50.0000007451,96.97184066707594
_,_,_,50.0000007451,93.98292203576877
_,_,_,50.0000007451,91.03412537373535
_,_,_,50.0000007451,97.54503607616876
_,_,_,50.0000007451,89.81784235650251
_,_,_,50.0000007451,95.6480359441634
_,_,_,50.0000007451,90.66457500822
_,_,_,50.0000007451,87.94274125962133
_,_,_,50.0000007451,84.49377467793948
_,_,_,50.0000007451,89.98449388877636
_,_,_,50.0000007451,91.93136174671866
_,_,_,50.0000007451,87.62637631301128
_,_,_,148.7502926096,94.3712102047746
_,_,_,150.0000022352,97.8918689968813
_,_,_,150.0000022352,96.87125223151183
_,_,_,150.0000022352,83.47401648954563
_,_,_,150.0000022352,92.38362388223707
_,_,_,150.0000022352,92.35134072361188
_,_,_,150.0000022352,99.30047898924778
_,_,_,150.0000022352,87.97613397091598
_,_,_,150.0000022352,86.31256505665856
_,_,_,150.0000022352,99.51158529472883
_,_,_,100.6248563059,103.64999355705991
_,_,_,100.0000014901,97.4993800583014
_,_,_,100.0000014901,85.55424183870232
_,_,_,100.0000014901,95.45852505333231
_,_,_,100.0000014901,83.64172417855193
_,_,_,100.0000014901,97.31782684349628
_,_,_,100.0000014901,93.02839244087193
_,_,_,100.0000014901,93.82570598816488
_,_,_,100.0000014901,91.99159704400978
_,_,_,100.0000014901,89.50896489122395
_,_,_,100.0000014901,85.98825541956322
_,_,_,100.0000014901,100.99512329460957
_,_,_,99.3788078438,93.27924112077872
_,_,_,50.0000007451,101.94596337344515
_,_,_,50.0000007451,95.48107190156865
_,_,_,50.0000007451,91.63731409293307
_,_,_,50.0000007451,95.66722695642588
_,_,_,50.0000007451,77.21318627346618
_,_,_,50.0000007451,99.0913666000491
_,_,_,50.0000007451,74.01879254347736
_,_,_,50.0000007451,89.50100818027566
_,_,_,50.0000007451,101.35312578414407
_,_,_,50.0000007451,89.47761985594491
_,_,_,50.0000007451,86.09528048996424
_,_,_,50.0000007451,93.35321171252444
_,_,_,50.0000007451,94.88046521080486
_,_,_,50.0000007451,93.97978144348372
_,_,_,51.2423880255,86.98645423222666
_,_,_,150.0000022352,91.73333470003863
_,_,_,150.0000022352,95.39420958031099
_,_,_,150.0000022352,86.41638115514851
_,_,_,150.0000022352,94.38357679731922
_,_,_,150.0000022352,92.03304627090888
_,_,_,150.0000022352,109.3687713875276
_,_,_,150.0000022352,85.82693889580398
_,_,_,150.0000022352,91.53418573127479
_,_,_,150.0000022352,96.59540047509357
_,_,_,149.378808598,97.40635711803434
_,_,_,100.0000014901,87.63986387219579
_,_,_,100.0000014901,85.47353335076482
_,_,_,100.0000014901,89.97924607053068
_,_,_,100.0000014901,81.82174219742292
_,_,_,100.0000014901,93.76280032686195
_,_,_,100.0000014901,85.24619022118408
_,_,_,100.0000014901,89.94678495366115
_,_,_,100.0000014901,79.8826248134641
_,_,_,100.0000014901,98.97817427057416
_,_,_,100.0000014901,81.26459373575851
_,_,_,100.0000014901,79.27825027798747
_,_,_,100.0000014901,95.31569906512777
_,_,_,149.3751474346,88.38933710089441
_,_,_,150.0000022352,92.63927719343505
_,_,_,150.0000022352,83.49452399754414
_,_,_,150.0000022352,91.46675362688212
_,_,_,150.0000022352,92.99523442091446
_,_,_,150.0000022352,88.85191940210032
_,_,_,150.0000022352,97.94612360668005
_,_,_,150.0000022352,86.89843346538393
_,_,_,150.0000022352,91.50321716657449
_,_,_,51.2497103554,98.27153958717852
_,_,_,50.0000007451,89.48516549427099
_,_,_,50.0000007451,91.36200176028316
_,_,_,50.0000007451,101.62543300627844
_,_,_,50.0000007451,81.99587213473335
_,_,_,50.0000007451,89.10376147155078
_,_,_,50.0000007451,93.92940446246372
_,_,_,50.0000007451,84.85309950743179
_,_,_,50.0000007451,99.17703551598653
_,_,_,50.0000007451,102.4965773001445
_,_,_,50.0000007451,86.02982345773063
_,_,_,50.0000007451,89.24422525482467
_,_,_,50.0000007451,98.00211829876407
_,_,_,50.0000007451,87.99021625998057
_,_,_,50.0000007451,95.26424983531889
_,_,_,99.3751466773,91.72173450603826
_,_,_,100.0000014901,90.48276918147265
_,_,_,100.0000014901,92.9254577471809
_,_,_,100.0000014901,89.85124356675098
_,_,_,100.0000014901,86.08354198025465
_,_,_,100.0000014901,89.9003829295979
_,_,_,100.0000014901,90.5381534127566
_,_,_,100.0000014901,96.29092460505726
_,_,_,100.0000014901,86.47095733499745
_,_,_,100.0000014901,100.51860069509486
_,_,_,100.0000014901,88.93975124324585
_,_,_,100.0000014901,89.4078129305523
_,_,_,98.7576142035,87.9523424109664
_,_,_,0.0,85.45628360508458
_,_,_,0.0,91.73706312534941
_,_,_,49.3751459369,98.96220575903598
_,_,_,50.0000007451,100.45015955944551
_,_,_,50.0000007451,91.95717548723263
_,_,_,50.0000007451,84.23763230022891
_,_,_,50.0000007451,91.769788436412
_,_,_,50.0000007451,83.024702535618
_,_,_,50.0000007451,86.04584837538265
_,_,_,50.0000007451,100.20651793907345
_,_,_,50.0000007451,97.71888685706548
_,_,_,50.0000007451,100.962656663288
_,_,_,50.0000007451,77.00014759357799
_,_,_,50.0000007451,85.95023256672
_,_,_,50.0000007451,94.93366753724064
_,_,_,50.0000007451,93.50323550223148
_,_,_,50.0000007451,93.49070179454003
_,_,_,148.7502926096,85.800560305642
_,_,_,150.0000022352,89.97500714854601
_,_,_,150.0000022352,97.490756771587
_,_,_,150.0000022352,89.98750424462798
_,_,_,150.0000022352,94.937589158038
_,_,_,150.0000022352,90.69714497531147
_,_,_,150.0000022352,96.7313839383125
_,_,_,150.0000022352,109.96989795453862
_,_,_,150.0000022352,98.9998129846523
_,_,_,150.0000022352,81.02470250590001
_,_,_,100.6248563059,87.27405873110003
_,_,_,100.0000014901,92.21675244584887
_,_,_,100.0000014901,91.9917676046693
_,_,_,100.0000014901,97.9884546609884
_,_,_,100.0000014901,81.95023250678997
_,_,_,100.0000014901,88.962583261122
_,_,_,100.0000014901,99.74405744748097
_,_,_,100.0000014901,87.80818625888558
_,_,_,100.0000014901,85.92092622925067
_,_,_,100.0000014901,103.97517211003456
_,_,_,100.0000014901,88.93768669998266
_,_,_,100.0000014901,89.20944108663909
_,_,_,99.3788078438,95.42216915924149
_,_,_,50.0000007451,79.95023247728801
_,_,_,50.0000007451,86.93989766032816
_,_,_,50.0000007451,94.21270537763083
_,_,_,50.0000007451,89.10742524927726
_,_,_,50.0000007451,96.04554342694799
_,_,_,50.0000007451,84.02299743402376
_,_,_,50.0000007451,95.02068346256333
_,_,_,50.0000007451,92.91281460613999
_,_,_,50.0000007451,96.54585955997423
_,_,_,50.0000007451,93.2064568153415
_,_,_,50.0000007451,91.19392917929294
_,_,_,50.0000007451,90.97816804934449
_,_,_,50.0000007451,93.74693204067597
_,_,_,50.0000007451,87.97918502122084
_,_,_,51.2423880255,91.68760741539243
_,_,_,150.0000022352,99.71258342129651
_,_,_,150.0000022352,88.20951389327347
_,_,_,150.0000022352,93.02499557803199
_,_,_,150.0000022352,100.95023279063597
_,_,_,150.0000022352,91.94389257890198
_,_,_,150.0000022352,88.9814570461015
_,_,_,150.0000022352,90.94396578739797
_,_,_,150.0000022352,90.912887799634
_,_,_,150.0000022352,98.96674910939996
_,_,_,149.378808598,87.91244027371249
_,_,_,100.0000014901,87.72513525596241
_,_,_,100.0000014901,83.99154781489368
_,_,_,100.0000014901,93.01249848187199
_,_,_,100.0000014901,84.98750417036001
_,_,_,100.0000014901,81.024922176076
_,_,_,100.0000014901,87.92516518078399
_,_,_,100.0000014901,90.02499553332402
_,_,_,100.0000014901,80.00426452172
_,_,_,100.0000014901,90.23761408377348
_,_,_,100.0000014901,97.70646298414104
_,_,_,100.0000014901,90.98757748303198
_,_,_,100.0000014901,92.4471816128615
_,_,_,149.3751474346,88.83805163887001
_,_,_,150.0000022352,93.99170661489599
_,_,_,150.0000022352,93.98134118372667
_,_,_,150.0000022352,83.94812527980933
_,_,_,150.0000022352,91.97522684870201
_,_,_,150.0000022352,87.45945896471895
_,_,_,150.0000022352,81.0748495412132
_,_,_,150.0000022352,95.97500723826198
_,_,_,150.0000022352,92.97508041684704
_,_,_,150.0000022352,75.11218208927602
_,_,_,51.2497103554,98.08223333521399
_,_,_,50.0000007451,79.04984311503398
_,_,_,50.0000007451,97.95942250930555
_,_,_,50.0000007451,88.72197438525492
_,_,_,50.0000007451,93.975043820085
_,_,_,50.0000007451,87.99176754517065
_,_,_,50.0000007451,96.23445328748502
_,_,_,50.0000007451,99.21885026760947
_,_,_,50.0000007451,99.962729871534
_,_,_,50.0000007451,99.28741954399248
_,_,_,50.0000007451,105.00014801135796
_,_,_,50.0000007451,82.025141860656
_,_,_,50.0000007451,90.99500251752158
_,_,_,50.0000007451,87.96888060985766
_,_,_,50.0000007451,101.21265666678597
_,_,_,99.3751466773,97.88723817730984
_,_,_,100.0000014901,109.96265679746195
_,_,_,100.0000014901,89.23129229740894
_,_,_,100.0000014901,93.95341187767994
_,_,_,100.0000014901,99.96272987165796
_,_,_,100.0000014901,91.20019603330846
_,_,_,100.0000014901,89.96881351815749
_,_,_,100.0000014901,98.97504389463846
_,_,_,100.0000014901,91.90039071815599
_,_,_,100.0000014901,112.96265684235595
_,_,_,100.0000014901,90.20032415920548
_,_,_,100.0000014901,84.98680080109776
_,_,_,98.7576142035,102.95023282003996
_,_,_,0.0,77.97515341656802
_,_,_,0.0,94.987650766148
_,_,_,49.3751459369,86.74774758845668
_,_,_,50.0000007451,88.43157848896442
_,_,_,50.0000007451,87.95023259664801
_,_,_,50.0000007451,83.02499542902201
_,_,_,50.0000007451,86.00000128130802
_,_,_,50.0000007451,90.99992813238597
_,_,_,50.0000007451,93.48136558422749
_,_,_,50.0000007451,89.16666799537234
_,_,_,50.0000007451,90.00617666572799
_,_,_,50.0000007451,85.98757740859399
_,_,_,50.0000007451,94.987577542576
_,_,_,50.0000007451,90.024995533328
_,_,_,50.0000007451,107.00014804091794
_,_,_,50.0000007451,94.98469084296559
_,_,_,50.0000007451,89.77194447897293
_,_,_,150.0000022352,88.99378938997994
_,_,_,150.0000022352,89.96895996490049
_,_,_,150.0000022352,99.759541524356
_,_,_,150.0000022352,91.23450813016242
_,_,_,150.0000022352,99.75001979240251
_,_,_,150.0000022352,92.02504437895
_,_,_,150.0000022352,98.95231560943998
_,_,_,150.0000022352,93.962656558764
_,_,_,150.0000022352,101.02905156088649
_,_,_,100.6248563059,95.161951101754
_,_,_,100.0000014901,100.00402074255797
_,_,_,100.0000014901,80.02908826120341
_,_,_,100.0000014901,93.95023268602797
_,_,_,100.0000014901,77.02484889301999
_,_,_,100.0000014901,91.93773556042399
_,_,_,100.0000014901,99.95953237423599
_,_,_,100.0000014901,94.97515366989997
_,_,_,100.0000014901,88.97500713395797
_,_,_,100.0000014901,86.98959925363866
_,_,_,100.0000014901,90.96265651405092
_,_,_,100.0000014901,98.037419525218
_,_,_,99.3788078438,90.21581738872696
_,_,_,50.0000007451,77.17499921379563
_,_,_,50.0000007451,83.96265640970002
_,_,_,50.0000007451,75.96250984416798
_,_,_,50.0000007451,94.78175842772232
_,_,_,50.0000007451,94.98181675636405
_,_,_,50.0000007451,94.46576253446892
_,_,_,50.0000007451,84.01156675789701
_,_,_,50.0000007451,103.962803154618
_,_,_,50.0000007451,87.46585395945692
_,_,_,50.0000007451,83.98416698270297
_,_,_,50.0000007451,89.05006293390599
_,_,_,50.0000007451,93.97634722656308
_,_,_,50.0000007451,94.99064079738568
_,_,_,50.0000007451,97.00000144542798
_,_,_,51.2423880255,99.18453817082656
_,_,_,150.0000022352,83.000001236604
_,_,_,150.0000022352,89.00000132623198
_,_,_,150.0000022352,101.99384450113905
_,_,_,150.0000022352,78.02082965603198
_,_,_,150.0000022352,93.01539765309967
_,_,_,150.0000022352,92.00000137094797
_,_,_,150.0000022352,89.02367990778957
_,_,_,150.0000022352,91.51262660037442
_,_,_,150.0000022352,93.05872255786866
_,_,_,149.378808598,94.90972697318752
_,_,_,100.0000014901,82.987504140564
_,_,_,100.0000014901,96.004167129356
_,_,_,100.0000014901,92.99068348112647
_,_,_,100.0000014901,86.975007104092
_,_,_,100.0000014901,85.29991643172951
_,_,_,100.0000014901,89.2851900990255
_,_,_,100.0000014901,92.80405783395632
_,_,_,100.0000014901,99.01242534791197
_,_,_,100.0000014901,93.90053719422399
_,_,_,100.0000014901,85.92531159757002
_,_,_,100.0000014901,95.71263827931948
_,_,_,100.0000014901,91.9938260460309
_,_,_,149.3751474346,93.14406896552794
_,_,_,150.0000022352,91.79396028587234
_,_,_,150.0000022352,93.44392921317345
_,_,_,150.0000022352,85.93780869395401
_,_,_,150.0000022352,86.98772387020999
_,_,_,150.0000022352,91.98765072120597
_,_,_,150.0000022352,83.22822285137585
_,_,_,150.0000022352,94.01242527353199
_,_,_,150.0000022352,82.01242509429201
_,_,_,150.0000022352,90.025068756348
_,_,_,51.2497103554,92.00319886835197
_,_,_,50.0000007451,99.2002144584795
_,_,_,50.0000007451,92.24072008177095
_,_,_,50.0000007451,96.94398418252
_,_,_,50.0000007451,93.97500720824598
_,_,_,50.0000007451,93.73757752423745
_,_,_,50.0000007451,81.75000121848701
_,_,_,50.0000007451,94.2157442249925
_,_,_,50.0000007451,93.95021438023852
_,_,_,50.0000007451,97.23750435268447
_,_,_,50.0000007451,91.2375408753545
_,_,_,50.0000007451,94.95637141413505
_,_,_,50.0000007451,89.5062498819445
_,_,_,50.0000007451,91.95023265644394
_,_,_,50.0000007451,90.049843278938
_,_,_,99.3751466773,89.90344173916745
_,_,_,100.0000014901,87.74378937113843
_,_,_,100.0000014901,86.937735485734
_,_,_,100.0000014901,88.9688867265814
_,_,_,100.0000014901,94.15034048054623
_,_,_,100.0000014901,91.97307077559002
_,_,_,100.0000014901,91.97085368369666
_,_,_,100.0000014901,85.46576240052492
_,_,_,100.0000014901,92.974933970164
_,_,_,100.0000014901,101.95328995754616
_,_,_,100.0000014901,94.962510126704
_,_,_,100.0000014901,85.23765062077388
_,_,_,98.7576142035,95.9200436039963
_,_,_,0.0,92.98018176798598
_,_,_,0.0,84.48131053240989
_,_,_,49.3751459369,111.05348359226706
_,_,_,50.0000007451,94.9250920617
_,_,_,50.0000007451,94.71269318178749
_,_,_,50.0000007451,106.02492254871198
_,_,_,50.0000007451,87.46890500987838
_,_,_,50.0000007451,82.49382590455092
_,_,_,50.0000007451,99.47202946292799
_,_,_,50.0000007451,86.02484902724598
_,_,_,50.0000007451,92.01249846723599
_,_,_,50.0000007451,97.50625000111387
_,_,_,50.0000007451,105.92516544904387
_,_,_,50.0000007451,87.99689534310892
_,_,_,50.0000007451,93.987577527631
_,_,_,50.0000007451,87.03719969147397
_,_,_,50.0000007451,90.987577483276
_,_,_,148.7502926096,107.44383789250986
_,_,_,150.0000022352,89.97500714908789
_,_,_,150.0000022352,99.06212083931797
_,_,_,150.0000022352,94.48143882211689
_,_,_,150.0000022352,93.95626156403289
_,_,_,150.0000022352,102.95001314980597
_,_,_,150.0000022352,81.98735767906003
_,_,_,150.0000022352,97.51249854919851
_,_,_,150.0000022352,90.71261989860645
_,_,_,150.0000022352,93.98125575641988
_,_,_,100.6248563059,91.60608023372689
_,_,_,100.0000014901,94.95012286575147
_,_,_,100.0000014901,89.23761406860241
_,_,_,100.0000014901,82.46890493544086
_,_,_,100.0000014901,89.03752922640992
_,_,_,100.0000014901,91.46901490488489
_,_,_,100.0000014901,90.45332029604093
_,_,_,100.0000014901,92.6970534759155
_,_,_,100.0000014901,90.72511699494642
_,_,_,100.0000014901,92.97500719330998
_,_,_,100.0000014901,88.743825997679
_,_,_,100.0000014901,89.26573253474899
_,_,_,99.3788078438,84.962583201448
_,_,_,50.0000007451,90.93769893364289
_,_,_,50.0000007451,94.74691374953547
_,_,_,50.0000007451,89.21885011847246
_,_,_,50.0000007451,87.99070171239093
_,_,_,50.0000007451,83.7189232600964
_,_,_,50.0000007451,97.98448992488454
_,_,_,50.0000007451,102.91915483213899
_,_,_,50.0000007451,87.5374193690619
_,_,_,50.0000007451,101.21881368584896
_,_,_,50.0000007451,101.98134740481352
_,_,_,50.0000007451,85.97508031264
_,_,_,50.0000007451,99.91259504018997
_,_,_,50.0000007451,91.92538491036203
_,_,_,51.2423880255,88.0342218789904
_,_,_,150.0000022352,90.95008619435403
_,_,_,150.0000022352,93.95008623955198
_,_,_,150.0000022352,86.98743097710798
_,_,_,150.0000022352,94.00007462396789
_,_,_,150.0000022352,94.98129238281888
_,_,_,150.0000022352,100.00000149027599
_,_,_,150.0000022352,91.91266814406599
_,_,_,150.0000022352,94.02492236990001
_,_,_,149.378808598,96.5063232091759
_,_,_,100.0000014901,97.22824136575498
_,_,_,100.0000014901,85.26255328387242
_,_,_,100.0000014901,105.92538511901195
_,_,_,100.0000014901,96.9595323293165
_,_,_,100.0000014901,92.4439841154249
_,_,_,100.0000014901,95.98757755775088
_,_,_,100.0000014901,94.48125576379388
_,_,_,100.0000014901,91.46883184625091
_,_,_,100.0000014901,85.94409385395589
_,_,_,100.0000014901,88.96265648426139
_,_,_,100.0000014901,92.97515364009398
_,_,_,100.0000014901,87.92509195737802
_,_,_,149.3751474346,93.45012284345889
_,_,_,150.0000022352,88.96272970795397
_,_,_,150.0000022352,90.52495892911689
_,_,_,150.0000022352,95.48131069606296
_,_,_,150.0000022352,76.49685855995837
_,_,_,150.0000022352,89.26244350847394
_,_,_,150.0000022352,88.01249840718089
_,_,_,150.0000022352,89.92523843378001
_,_,_,150.0000022352,93.75928268985795
_,_,_,150.0000022352,79.0000744004469
_,_,_,51.2497103554,101.92531183601399
_,_,_,50.0000007451,99.9874677823779
_,_,_,50.0000007451,93.98452647720255
_,_,_,50.0000007451,90.50011118353092
_,_,_,50.0000007451,95.999854983624
_,_,_,50.0000007451,96.97508047666597
_,_,_,50.0000007451,86.96243678456001
_,_,_,50.0000007451,84.26553109628739
_,_,_,50.0000007451,103.97500735710197
_,_,_,50.0000007451,90.99985490912
_,_,_,50.0000007451,90.9750803870889
_,_,_,50.0000007451,98.71572598619154
_,_,_,50.0000007451,85.50621321030138
_,_,_,50.0000007451,87.5062498519219
_,_,_,99.3751466773,97.93152371292388
_,_,_,100.0000014901,93.72509873356148
_,_,_,100.0000014901,94.97486077645202
_,_,_,100.0000014901,93.26246187403251
_,_,_,100.0000014901,91.4937528153979
_,_,_,100.0000014901,95.98750433436199
_,_,_,100.0000014901,90.95008619453198
_,_,_,100.0000014901,93.49382606859989
_,_,_,100.0000014901,102.04969701145
_,_,_,100.0000014901,78.99985473064001
_,_,_,100.0000014901,93.999928177636
_,_,_,100.0000014901,96.95637144372988
_,_,_,98.7576142035,92.0000196761644
_,_,_,0.0,102.95023282046397
_,_,_,0.0,88.47515357304091
_,_,_,49.3751459369,78.4812555255599
_,_,_,50.0000007451,99.46256511155903
_,_,_,50.0000007451,73.97511674526993
_,_,_,50.0000007451,93.96879527196388
_,_,_,50.0000007451,88.99985487956197
_,_,_,50.0000007451,86.46890499492892
_,_,_,50.0000007451,90.4875774758919
_,_,_,50.0000007451,98.50635985108887
_,_,_,50.0000007451,86.4688317718449
_,_,_,50.0000007451,89.02492229539602
_,_,_,50.0000007451,86.2624434638369
_,_,_,50.0000007451,96.74077506603494
_,_,_,50.0000007451,82.03117073885291
_,_,_,50.0000007451,86.0281563594454
_,_,_,148.7502926096,93.90959881731294
_,_,_,150.0000022352,89.46280293837088
_,_,_,150.0000022352,82.25307058195234
_,_,_,150.0000022352,97.98765081103002
_,_,_,150.0000022352,88.97500713404798
_,_,_,150.0000022352,90.950159417862
_,_,_,150.0000022352,90.74066514167048
_,_,_,150.0000022352,89.97515359569599
_,_,_,150.0000022352,93.97500720824
_,_,_,150.0000022352,87.00610339801689
_,_,_,100.6248563059,91.765695960453
_,_,_,100.0000014901,81.99375267378791
_,_,_,100.0000014901,85.6971632064874
_,_,_,100.0000014901,91.97212088018654
_,_,_,100.0000014901,80.96269297668991
_,_,_,100.0000014901,79.95633457853391
_,_,_,100.0000014901,87.99992808802489
_,_,_,100.0000014901,87.51874694813289
_,_,_,100.0000014901,94.9626931855909
_,_,_,100.0000014901,97.93780887299401
_,_,_,100.0000014901,94.69078665157194
_,_,_,100.0000014901,88.19703510272744
_,_,_,99.3788078438,81.98787024221292
_,_,_,50.0000007451,89.962583275796
_,_,_,50.0000007451,87.47820460886095
_,_,_,50.0000007451,105.96243706750197
_,_,_,50.0000007451,97.00632321699187
_,_,_,50.0000007451,81.23763225539734
_,_,_,50.0000007451,91.4626382155605
_,_,_,50.0000007451,90.937589098132
_,_,_,50.0000007451,102.45023281273144
_,_,_,50.0000007451,102.92516540435
_,_,_,50.0000007451,103.72193799705644
_,_,_,50.0000007451,99.24375293069352
_,_,_,50.0000007451,89.96258327586398
_,_,_,50.0000007451,95.4782047278629
_,_,_,50.0000007451,104.6969438195921
_,_,_,51.2423880255,95.04359480526888
_,_,_,150.0000022352,95.20947738581052
_,_,_,150.0000022352,97.45640806285188
_,_,_,150.0000022352,84.96265642450201
_,_,_,150.0000022352,90.98125571193088
_,_,_,150.0000022352,89.49373447955196
_,_,_,150.0000022352,87.98765066214999
_,_,_,150.0000022352,87.00933750668291
_,_,_,150.0000022352,88.2032470392849
_,_,_,150.0000022352,97.96879533140088
_,_,_,149.378808598,92.45322879656747
_,_,_,100.0000014901,89.98750424485799
_,_,_,100.0000014901,85.9875041853389
_,_,_,100.0000014901,92.4875775054949
_,_,_,100.0000014901,86.71568919561841
_,_,_,100.0000014901,89.53124407394088
_,_,_,100.0000014901,102.01227894589398
_,_,_,100.0000014901,78.48445302261537
_,_,_,100.0000014901,90.98131062898645
_,_,_,100.0000014901,83.47511688694591
_,_,_,100.0000014901,91.98136556178791
_,_,_,100.0000014901,93.47508042440188
_,_,_,100.0000014901,101.91259507026197
_,_,_,149.3751474346,83.87546962998199
_,_,_,150.0000022352,92.000074594666
_,_,_,150.0000022352,94.96265657369999
_,_,_,150.0000022352,95.23448988406244
_,_,_,150.0000022352,85.45622482540392
_,_,_,150.0000022352,83.98735770852402
_,_,_,150.0000022352,87.92509195717602
_,_,_,150.0000022352,97.98143887424087
_,_,_,150.0000022352,97.43777225358889
_,_,_,150.0000022352,90.96894167393793
_,_,_,51.2497103554,93.09968526260198
_,_,_,50.0000007451,91.92545813372199
_,_,_,50.0000007451,93.9439841378669
_,_,_,50.0000007451,98.01249855680395
_,_,_,50.0000007451,93.47504381261487
_,_,_,50.0000007451,86.45644451062589
_,_,_,50.0000007451,93.000074609396
_,_,_,50.0000007451,99.95015955200398
_,_,_,50.0000007451,90.93773554503001
_,_,_,50.0000007451,91.487504267186
_,_,_,50.0000007451,83.88782027921599
_,_,_,50.0000007451,75.45648095835993
_,_,_,50.0000007451,90.062120705206
_,_,_,50.0000007451,92.4812557344839
_,_,_,50.0000007451,90.91259490561599
_,_,_,99.3751466773,106.85032933393597
_,_,_,100.0000014901,86.99680379890991
_,_,_,100.0000014901,92.4626199247519
_,_,_,100.0000014901,86.01235193083801
_,_,_,100.0000014901,96.95633483227287
_,_,_,100.0000014901,103.48439847785905
_,_,_,100.0000014901,94.25319890154697
_,_,_,100.0000014901,89.999928117816
_,_,_,100.0000014901,87.20032411448794
_,_,_,100.0000014901,94.22199277281645
_,_,_,100.0000014901,97.00007466869589
_,_,_,100.0000014901,89.98750424501199
_,_,_,98.7576142035,94.4938260832549
_,_,_,0.0,96.98132902448587
_,_,_,0.0,101.97508055123797
